---,Mission,X,Y,Z
1,1,68983.35938,-71597.82813,-19010.74609
2,2,65133.35938,-70737.82813,-18970.74609
